999999,10175,6271,8366,7060,2780,5392,6352,4033,2079,3480,9941,5267,3972,3046,10069,7961,6281,6809,4205,6042,10180,4841,6805,8397,8247,9326,9991,8706,13444,11480,6897,5362,4664,8741,9371,9315,10185,11365,11228,13312,14360,15971,20488,18469,11189,11370,8544,8616,10320,8402,6489,9177,8325,6590,16919,17240,15596,10878,12687,13841,15315,12430,11732,13715,10132,6789,6832,4041,6290,8543,13982,7412,11052,7921,5990,3496,3619,13043,14458,10904
10769,999999,4267,4184,4516,9922,6816,6988,8446,8610,8206,6023,5464,6769,7798,6229,8620,8012,10158,8833,12291,6153,9675,10701,15862,10429,14721,18531,14452,12999,2348,16992,10985,9390,10016,10278,18910,19780,17112,20653,22737,19026,20638,22513,27894,20784,20407,12475,12547,21818,14149,12235,19271,18419,16685,26344,19265,9532,7047,12243,2636,10515,14455,12614,9884,10172,9873,11493,10109,8380,10633,4295,11343,4873,6583,7062,7786,10872,11720,13135,13637
6111,4206,999999,1290,1456,5447,2724,4095,5553,4134,5072,3677,2403,3273,3322,7974,6799,5119,5647,5939,9398,7899,6782,7807,9399,9916,10327,11029,11559,11214,5511,12517,6509,6256,8700,9764,14935,15805,14218,12265,14349,15362,13857,24258,19507,16808,12408,9581,9653,11358,11255,9342,14796,13944,12210,17957,21010,11277,8792,13988,5991,12260,16200,14359,11629,9658,6813,8433,5633,5319,7572,5521,8413,5416,5286,4168,3419,6395,13465,14880,11906
6785,4126,2255,999999,3012,5938,2832,3004,4462,4516,5454,2587,3959,4959,3704,7894,5708,4028,4556,4848,8307,6126,5691,6716,8309,8825,9237,9938,10468,10123,5432,13008,6891,6638,7609,8673,14926,15796,13127,11174,13259,14271,12766,20399,18416,16800,11317,8490,8563,10267,10165,8251,15287,14435,12701,16866,17151,11197,8712,10013,5912,12181,12341,10384,11550,8567,8369,8956,6015,6875,9128,5442,7323,5337,4195,3077,3802,6778,13386,14801,10815
6985,4065,1502,2546,999999,6321,3368,5351,5634,5007,4603,4386,1861,3166,4195,7833,8055,6374,6903,7195,12535,7758,8037,9063,10655,11171,11583,12284,12814,14604,4616,13390,7383,5788,9955,11020,15809,16679,15474,13521,15605,20631,22242,24117,20762,17682,13663,10837,10909,12613,12511,10597,15670,14818,13084,19212,20869,11136,8651,13847,5851,12120,16059,14218,11488,10914,6271,7890,6507,4777,7030,5381,9669,5275,6541,4305,4409,7269,13324,14740,15241
909,8662,5732,5755,6400,999999,2781,3741,1421,2857,4258,7330,6044,4750,3824,7458,5350,3669,4198,4439,6276,7569,5075,7039,8632,8481,9560,10226,8940,9764,9967,7131,5596,5442,8975,8315,9550,10420,11600,11462,13546,14594,16205,20722,18704,11423,11605,8778,8850,10555,8637,6723,9411,8559,6825,17154,17475,12985,8267,12921,11230,11736,12664,11966,11104,8209,7567,7067,4819,7068,9321,11371,7646,8441,5310,3379,2342,3853,13277,14693,11138
4034,6217,2608,3311,3277,3187,999999,3003,2996,2684,3622,4677,3788,3126,1872,7923,5815,4134,4663,4729,7492,8034,6291,6597,8190,8931,9118,9819,10156,10229,7522,10257,5059,4806,6837,8780,12675,13545,12815,11055,13140,14152,12647,20280,18297,14549,11198,8371,8444,10148,9853,7939,12536,11684,9950,16747,17032,13450,8732,10120,8002,12201,12222,10491,11569,8674,6931,7124,4183,6432,8685,7533,7204,7427,4572,1881,1425,4945,11155,12571,10696
3873,7790,4860,4884,5528,3025,2694,999999,1627,5821,7221,5079,6526,5864,4610,5207,3099,1419,1947,2014,5472,5319,2856,3882,5474,6216,6402,7103,7633,7514,9095,10095,8560,8406,4121,6064,12091,12961,10293,8340,10424,11436,9931,17565,15581,13965,8482,5656,5728,7432,7330,5416,12375,11523,9788,14031,14317,10734,6016,7404,8979,9485,9506,7775,8853,5958,10531,10030,7783,10032,12285,9121,4488,6190,3059,2507,4163,6817,8440,9855,7980
2676,8086,5156,5179,5824,1829,2543,3165,999999,4624,6025,6754,5329,4667,3413,6882,4774,2144,3622,2092,5551,6993,2934,4899,6491,6341,7419,8085,8215,11537,9391,8898,7363,7209,6834,7464,12673,13543,10874,9322,11406,12453,14065,18582,16563,14547,9464,6638,6710,8414,7911,5998,11178,10326,8592,15013,15334,12409,7691,10781,10654,11160,10524,9826,10528,7633,9334,8833,6586,8835,11088,10795,5505,7865,4734,2803,2966,5620,11137,12552,8998
2009,8127,4223,5053,5012,3359,2789,5111,4580,999999,1432,6419,3219,1924,998,10616,8508,6828,7356,6186,8023,10728,6822,8786,10378,10228,11306,11972,10687,15425,9432,8878,2869,2616,10722,11352,11296,12166,13346,13209,15293,16341,17952,22469,20450,13170,13351,10525,10597,12301,10383,8470,11157,10306,8571,18900,19221,16143,11425,14668,9912,17296,14411,13713,14262,12113,4741,4935,1993,4242,6495,9442,9392,9337,8468,4120,1448,2756,15024,16439,12885
3028,8117,4837,5667,5002,3973,3402,5725,5193,1050,999999,7033,3263,1679,1612,11230,9122,7441,7970,7205,9042,11341,7841,9805,11398,11247,12326,12991,11706,16444,9422,9897,3426,2371,11741,12371,12315,13185,14365,14228,16312,17360,18971,23488,21469,14189,14370,11544,11616,13320,11402,9489,12177,11325,9591,19920,20240,16757,12039,15687,9902,15507,15430,14732,14876,13132,4496,4689,2550,3997,6250,9432,10412,9327,9082,4734,2062,3312,16043,17458,13904
7444,6259,4353,3318,5145,6597,4072,3663,5121,5756,6694,999999,6092,6199,4944,5766,3657,3064,2342,5507,8966,4312,6350,7375,6685,6774,7613,10597,11127,8072,7564,13666,8131,7878,5560,6622,15585,16455,13786,11833,13917,12441,14053,18232,19075,17459,13821,9149,9221,10926,10823,8910,15946,15094,13360,17525,14985,11396,6574,7962,6110,10043,10174,8333,9412,6516,10502,10196,7255,9008,11261,5640,5896,2909,2380,4063,5042,8018,8998,10413,8986
5182,4913,2294,3394,1798,4518,3947,6198,5738,3205,2801,5233,999999,1364,2393,8681,8903,7222,7750,8896,10733,8606,9532,11496,13088,12938,14016,14682,13397,15451,6218,11588,5580,3985,13432,11867,14006,14876,16056,15919,18003,19051,20662,24965,23160,15880,16061,13235,13307,15011,13093,11180,13867,13016,11281,21610,21717,11984,9499,14695,6698,12967,16907,15066,12336,11761,4613,6233,4704,3119,5372,6228,12102,6123,7389,5279,2607,5467,14172,15587,15595
3897,6964,3939,5444,3849,3233,2662,4985,4453,1920,1437,6293,2055,999999,1108,10490,8382,6701,7230,7610,9447,10601,8246,10211,11803,11653,12731,13397,12111,12796,8269,10303,4295,2621,12147,11347,12721,13591,14771,14634,16718,17766,19377,23894,21875,14595,14776,11950,12022,13726,11808,9895,12582,11730,9996,20325,20646,14034,11299,16093,8749,14767,15836,15138,14136,11241,4746,4939,3419,4247,6500,8279,10817,8174,8342,3994,1322,4182,16449,17864,14310
3284,7205,3301,4131,4090,2437,1866,4189,3657,1192,2130,5497,2297,1635,999999,9694,7586,5905,6434,6814,8651,9805,7450,9415,11007,10857,11935,12601,11315,12000,8510,9507,3567,3315,11351,10551,11925,12795,13975,13838,15922,16969,18581,23098,21079,13799,13980,11154,11226,12930,11012,9099,11786,10934,9200,19529,19850,15221,10503,15297,8990,13971,15040,14342,13340,10445,5439,5633,2692,4940,7193,8520,10021,8415,7546,3198,526,3454,15653,17068,13514
9078,6510,7664,7581,7913,8230,7899,5297,6754,11026,12427,4657,8861,11069,9815,999999,2438,4546,3975,7141,10600,1478,7983,6557,9680,4247,8538,12348,17491,6817,8335,15300,13765,13611,3833,4095,21949,22819,20151,14470,16554,12844,14455,16330,21711,23823,14224,10783,13241,15635,17188,10543,17580,16728,14993,20161,13082,5582,864,6060,3827,4333,8272,6431,3701,3989,13270,15235,12988,11777,14030,3969,5160,3536,2245,6518,9368,12022,5537,6953,7454
7258,8633,7350,6316,8107,6411,6079,3477,4935,9206,10607,4174,9911,9250,7995,2178,999999,2726,2156,5321,8780,2289,6163,5496,4889,3186,4315,8125,10941,4484,10458,13480,11945,11791,2773,3035,15399,16269,13600,10480,12564,8854,10465,14645,17721,17272,10234,8963,9035,10740,10637,8724,15760,14908,13174,16171,11397,7705,2987,4375,5950,6455,6587,4746,5824,2929,13916,13416,11168,13417,15670,6091,4100,4287,2579,4698,7548,10202,5410,6826,5398
5024,8095,6223,5189,6980,4177,3846,2350,2145,6973,8373,4355,7678,7016,5761,5283,3175,999999,2022,2531,5990,5394,3374,4378,4920,4636,5848,7599,8129,7589,9400,11076,9541,9558,3796,6140,12587,13458,10789,8836,10920,10882,12494,17011,16077,14461,8978,6152,6224,7928,7826,5912,11803,10951,9217,14527,13763,10810,6092,7479,9054,9560,8953,7850,8929,6033,11682,11011,9284,11183,13436,9196,4132,6266,3134,3571,5315,7798,8515,9930,7427
5248,7212,5340,4306,6097,4401,4069,1467,2925,7196,8597,3226,7901,7240,5985,4664,2555,1960,999999,3311,6770,4775,4154,5179,5580,5672,6801,8401,8931,6970,8517,11471,9936,9781,4456,5520,13389,14259,11590,9637,11722,11339,12951,17131,16879,15263,9780,6953,7026,8730,8628,6714,13750,12898,11164,15329,13883,10191,5472,6860,8435,8941,9072,7231,8310,5414,11906,11406,9158,11407,13660,8577,4792,4336,1205,2688,5538,8192,7896,9311,7884
2738,9499,6569,6593,7238,3005,3957,4579,2259,4686,6087,8168,7873,6579,5653,8296,6187,3101,5035,999999,3469,8407,1298,3263,4855,4705,5783,6449,6133,9901,10804,8555,7020,7271,5198,5828,10591,11461,8793,7686,9770,10817,12429,16946,14927,12465,7828,5002,5074,6778,5830,3916,9282,8430,6696,13377,13698,13823,9104,9145,12067,11773,8888,8190,11707,6590,9396,8490,6763,8897,11150,12209,3869,9278,6147,4216,5178,5277,9501,10916,7362
3688,10449,7519,7543,8188,3956,4907,5529,3209,5636,7037,9118,8824,7529,6603,9246,7138,5457,5985,2514,999999,9357,3150,5115,6707,6557,7635,8301,4129,11753,11754,9506,7971,8221,7050,7680,8587,9457,6789,9538,10489,12669,14281,18798,15646,10461,9680,4213,6926,7385,3826,1912,8861,8009,6275,14096,15550,14773,10055,10997,13017,13625,10740,10042,13558,8442,10346,9441,7713,9847,12100,13159,5721,10229,7097,5166,6128,6227,11353,12768,9214
8751,6387,7541,6258,7791,7904,5421,4970,6428,7895,8833,4059,8738,8338,7083,1501,2428,4220,3649,6814,10273,999999,7657,8003,11125,5693,9984,13794,12434,8263,8213,14974,13439,10017,5279,5541,16892,17762,15094,15916,18000,14290,15901,17776,23157,18766,15670,10456,10529,17081,12131,10217,17253,16401,14667,21607,14528,5460,2310,7506,3704,5779,9718,7877,5147,5435,13148,14909,9394,11654,13907,3846,6606,2042,2000,6191,7180,11695,6983,8399,8900
3691,10452,7522,7546,8191,3959,4910,3995,3131,5639,7040,7583,8827,7532,6606,7405,5603,3535,4451,1096,4422,7516,999999,2026,3618,3468,4546,5212,5742,8664,11757,9509,7974,8224,3961,4591,10200,11070,8402,6449,8533,9580,11192,15709,13690,12074,6591,3764,3837,5541,5439,3525,10235,9383,7649,12140,12461,12932,8213,7908,11176,10536,7651,6953,10469,5353,10349,9444,7716,9850,12103,11318,2632,9513,5563,5169,6131,6230,8264,9679,6125
5760,11918,9591,9615,10260,6028,6979,4979,5200,7708,9109,6576,10896,9601,8675,5463,4701,4345,5435,3165,5437,5575,2602,999999,1677,1527,2605,5508,6947,6723,13743,11578,10043,10293,2020,2650,11405,12275,9606,9265,11349,7639,9251,13768,16507,13279,9019,4969,5042,6746,6644,4730,12304,11452,9718,14957,10520,10990,6272,5967,9235,8595,5709,5011,8528,3412,12418,11513,9785,11919,14172,9377,691,7572,5189,7238,8200,8299,6322,7738,4184
7110,12180,10941,10965,11610,7378,8329,6329,6550,9058,10459,6838,12245,10951,10025,5726,4963,4607,5067,4515,6786,5837,3952,2580,999999,1789,1300,3913,10318,5418,14006,12927,11392,11643,2282,3051,14776,15646,12977,5582,7666,6334,7946,12463,12823,16649,7714,4635,4708,5452,10014,6080,13654,12802,11068,11273,9215,11253,10342,4662,9497,7290,4404,3706,7223,3674,13768,12863,11135,13269,15522,9639,1183,7834,5452,8588,9550,9649,5017,6433,2879
6882,10935,10713,10737,11382,7150,8101,6101,6322,8830,10231,6352,12018,10723,9797,4593,4128,4121,5666,4287,6559,5001,3724,2352,1744,999999,2429,5332,8069,3315,12760,12700,11165,11415,1797,1262,12527,13397,10729,9090,11174,7463,9075,13592,16331,14401,8843,6091,6164,6870,7766,5852,13426,12574,10840,14781,10344,10007,4297,3205,8252,4453,5534,4836,8353,1759,13540,12635,10907,13041,15294,8394,956,6999,4966,8361,9323,9421,6147,7562,4008
7817,16596,11648,11672,12317,8085,9036,7036,7257,9765,11166,7288,12953,11658,10732,6175,5413,5056,5517,5222,7494,6286,4660,3287,1209,2238,999999,4618,9933,5034,18421,13635,12100,12350,2732,2667,14391,15261,12593,7576,9660,5950,7561,12078,14817,16265,7330,7027,5683,6156,9630,6787,15604,14752,12994,13267,8830,15668,9958,4277,13913,6905,4020,3322,6839,4123,14475,13570,11843,13976,16229,14055,1891,8284,5901,9296,10258,10356,4633,6048,2494
8562,19732,12394,12418,13063,8830,9781,7969,8003,10511,11911,10411,13698,12404,11478,9298,8536,7509,8426,5968,6442,9410,5405,6410,3998,5362,4613,999999,4312,8169,21557,14380,12845,13096,5855,5803,7106,7976,5308,1700,3784,3579,3292,8823,8942,8980,1842,3260,2062,1570,4373,5661,11647,12316,9592,7392,5575,18804,13093,7413,17049,10041,7156,6458,9975,6629,15221,14315,12588,14721,16974,17190,5014,11407,9024,10041,11003,11102,7769,9175,5630
7591,14353,11423,11446,12091,7859,8810,9432,7113,9539,10940,13021,12727,11432,10506,13149,11041,8359,9889,6418,3903,13260,5890,6835,6495,8277,7596,4318,999999,11714,15658,11771,11874,12124,8771,9400,4571,5441,2773,4570,6473,6889,6602,12133,11630,6445,5153,2577,5137,3369,971,3123,9112,9777,7057,10080,8885,18676,13958,10957,16921,13392,10700,10002,13326,10162,14249,13344,11617,13750,16003,17062,7441,14132,11001,9070,10032,10130,11392,11463,9174
9624,9229,10382,10299,10632,9288,8957,6354,7812,11572,12973,7052,11579,12127,10872,2886,3495,5604,5033,7029,9300,4281,6466,5094,4486,2784,5526,9336,15040,999999,11054,15441,13906,14157,2370,2632,19498,20369,17700,11457,13541,9831,11442,13318,18699,21372,11211,8833,10790,12622,14737,8594,20711,19859,18101,17149,10070,8301,2590,3047,6545,1882,5259,3418,2874,1318,15989,15376,13649,14495,16748,6687,3697,6255,4659,7575,10426,12163,3087,4502,4441
11415,1825,4912,4830,4304,10568,7462,7634,9092,9256,8852,6669,6109,7415,8444,8054,10446,8658,9186,9478,12937,7979,10321,11346,17688,12255,16547,14568,15098,14825,999999,17638,11631,10036,11842,12104,19556,20426,17758,22478,24562,20852,22464,24339,29720,21430,22232,13120,13193,14897,14795,12881,19917,19065,17307,28170,21091,11358,8872,14068,4462,12341,16280,14439,11710,11997,10519,12139,10755,9026,11279,6121,11953,6699,8409,7707,8432,11518,13546,14961,15462
4492,13252,10322,10346,10991,4760,7372,8332,6012,6440,7841,11921,9628,8334,7408,12049,9941,8260,8788,6148,7985,12160,6784,8749,10341,10191,11269,11935,10649,15387,14557,999999,5370,9026,10685,11314,10595,11465,13309,13172,15256,16304,17915,22432,20413,12469,13314,10488,10560,12264,10346,8433,8139,6429,7846,18863,19184,17576,12858,14631,15820,17259,14374,13676,15695,12076,8812,6840,5113,10651,12904,15962,9355,13032,9900,7969,6933,3626,14987,16402,12848
4486,10223,6320,7149,7108,5155,4885,8727,6407,2509,3528,8515,5315,4021,3095,12444,10336,8655,9183,6543,8380,12555,7179,9144,10736,10586,11664,12330,11044,15782,11528,7250,999999,4713,11079,11709,10990,11860,13704,13567,15651,16698,18310,22827,20808,12863,13709,10882,10955,12659,10741,8827,10851,11527,8241,19258,19579,17971,13252,15026,16215,17654,14769,14071,16090,12471,6838,4414,1543,6338,8591,11539,9750,11433,10295,6216,3545,1390,15382,16797,13243
4771,8648,6029,7129,5533,5717,5146,7468,6937,2794,1933,8968,3794,3423,3356,12974,10865,9185,9713,8948,10785,13085,9584,11549,13141,12991,14069,14735,13449,18187,9953,8642,5169,999999,13484,14114,14059,14929,16109,15972,18056,19103,20715,25232,23213,15933,16114,13287,13360,15064,13146,11232,13920,12919,11310,21663,21984,15719,13782,17431,10433,17251,17174,16475,16620,14876,2176,2370,4293,2382,4635,9963,12155,9858,10825,6477,3805,5056,17786,19202,15648
8489,10567,8689,7655,9719,8756,9096,6494,5055,10437,11838,5456,10666,12330,11404,4225,3635,3225,5173,5894,8165,4509,5331,3959,3351,1649,2778,6588,11299,2947,12392,14306,12771,13022,999999,1497,15758,16628,13959,8942,11026,7316,8927,13107,16184,17631,8696,7698,7049,8126,10996,7459,15033,14181,12423,14634,9859,9639,3929,2837,7884,4085,5049,3208,6079,1391,15147,14241,12514,14648,16901,8025,2562,6506,4070,7715,10929,11028,3873,5288,3861
9093,16529,12925,12949,13594,9361,10312,8313,8534,11042,12442,8564,14229,12935,12009,10186,6689,6333,6793,6499,8770,7563,5936,4563,2485,3515,1344,5154,9866,4966,18354,14911,13376,13627,4008,999999,14324,15194,12525,7508,9593,5882,7494,12011,14750,16198,7262,8303,5616,6693,9562,8063,15536,14685,12926,13200,8763,15601,9890,4210,13845,6838,3953,3255,6771,3425,15751,14846,13119,15252,17505,13987,3167,9560,7177,10572,11534,11632,4566,5981,2427
9348,18108,15178,15202,15847,9616,12228,13188,10868,11296,12697,16777,14484,13189,12263,16905,14796,13116,13644,10006,8432,17016,10642,12607,11024,14049,15459,7329,4961,19015,19413,11662,12852,13881,14542,16648,999999,959,3531,7580,9426,9899,9613,15144,13435,1962,8163,7107,8186,6380,5501,7652,5128,6886,3074,10548,11896,22432,17713,18258,20676,19827,14074,17303,19760,15934,16006,14322,12595,15507,17760,20818,13213,17887,14756,12825,11788,11109,17826,17898,16475
10251,19011,16081,16105,16750,10519,13131,14091,11771,12199,13600,17680,15387,14092,13166,17808,15700,14019,14547,10909,9335,17919,11545,13510,11928,14952,16362,8232,5864,19918,20316,12565,13755,14784,15445,17551,941,999999,4434,8483,8123,10802,10516,16047,12512,1040,9066,8010,9089,7283,6404,8555,6032,7789,3977,9625,12799,23335,18616,19162,21579,20730,14977,18206,20663,16837,16909,15225,13498,16410,18663,21721,14116,18790,15659,13728,12692,12012,18729,18801,17379
9759,16520,13590,13614,14259,10027,10978,11600,9280,11707,13108,15189,14894,13600,12674,15317,13209,10526,12056,8585,6070,15428,8057,9003,8663,10444,9432,4967,2599,12988,17825,13938,14041,14292,10938,10621,3482,4352,999999,5218,6398,7537,7251,12782,11254,5355,5801,4745,5824,4018,3139,5290,8023,9780,5968,8367,9534,20844,16126,12232,19088,14866,11712,11276,14800,12330,16417,15512,13784,15918,18171,19230,9609,16299,13168,11237,12199,12298,12866,12937,10449
10549,22270,14380,14404,15049,10817,11768,9956,9989,12497,13898,12689,15685,14390,13464,15928,16819,9496,10412,7954,8018,17323,7391,7972,6277,7640,8421,2426,4547,10708,24095,16367,14832,15082,8134,9610,7341,8211,5542,999999,2147,2609,2323,7853,7305,7458,873,4969,4048,1855,5086,7237,11882,13892,9827,5755,4606,21342,15632,9951,19587,12579,6784,8996,12513,11946,17207,16302,14574,16708,18961,19729,7292,19296,11524,12028,12989,13088,10307,11722,8925
11889,23610,15720,15744,16389,12157,13108,11296,11329,13837,15238,14029,17024,15730,14804,17268,18159,10836,11752,9294,9768,18663,8731,9312,7616,8980,9760,3766,6450,12048,25435,17706,16172,16422,9473,10950,9244,7938,6102,2199,999999,3949,3662,9193,5977,6987,2213,6586,5388,3624,6989,8988,13785,15643,11731,4427,5945,22682,16972,11291,20927,13919,8123,10336,13853,13285,18547,17642,15914,18048,20301,21068,8632,20636,12864,13367,14329,14428,11647,13062,10265
11244,21747,15075,15099,23150,11512,12463,10651,10684,13192,14593,15117,16380,15085,14159,15405,16296,10191,11107,8649,9123,16800,8086,11117,6971,10068,7897,3121,6344,10185,23572,17062,15527,15777,10562,9087,9138,10008,7340,1814,3898,999999,1799,7330,9055,9209,1568,5941,4743,2979,7055,8343,13679,14998,11624,7506,4082,20819,15109,9428,19064,12056,6260,8473,11990,11422,17902,16997,15269,17403,19656,19205,9720,18773,17459,12723,13684,13783,9784,11199,8402
13922,20022,21176,21093,21425,14189,15141,17430,13362,15870,17271,13392,19057,17763,16837,13680,14571,11161,16109,11327,9296,15075,10764,9392,7313,8343,6172,3294,6516,8460,21847,19739,18204,18455,8837,7361,9311,10181,7512,1987,4071,361,999999,5605,9228,9381,1741,6114,4916,3152,7227,8516,18597,17745,15987,7678,2357,19094,13383,7703,17339,10331,4535,6748,10265,9697,20580,19674,17947,20081,22334,17480,7995,17048,15734,15400,16362,16461,8059,9474,6677
17988,22499,23652,23570,23902,18255,19207,19907,17428,19936,21337,17458,23123,21829,20903,16157,17048,15227,18586,15393,17360,17552,14830,13458,11379,12409,10238,8910,12132,10936,24324,23805,22270,22521,12903,11427,14927,15797,13128,7603,9687,5977,7588,999999,11492,14997,7357,11730,10532,8768,16454,16580,22428,21577,19818,13294,3457,21571,15860,10180,19816,12808,7012,9225,12742,12174,24646,23740,22013,24147,26400,19957,12061,19525,18211,19466,20428,20527,10536,11951,9154
17231,28952,21063,21086,21731,17499,18450,16638,16671,19179,20580,19371,22367,21072,20146,22610,23501,16178,17094,14636,15110,24005,14074,14654,12959,14322,15103,9109,11792,17390,30778,23049,21514,21764,14816,16292,13851,13016,11496,7541,5397,9291,9005,12083,999999,11271,7555,11929,10731,8966,12332,14330,18921,20679,16886,3396,11288,28025,22314,16633,26269,19261,13466,15678,19195,18628,23889,22984,21257,23390,25643,26411,13974,25979,18206,18710,19672,19770,16989,18405,15607
11144,19904,16974,16998,17643,11412,14023,14984,12664,13092,14493,18573,16280,14985,14059,18701,16592,14912,15440,11802,10228,18812,12438,14403,12820,15844,17255,9125,6757,20811,21209,13458,14648,15677,16338,18444,1834,1000,5327,7653,7243,10392,10106,15637,11090,999999,8656,8902,9982,8175,7297,9448,6924,8682,4870,8204,12389,24228,19509,20054,22472,21622,14567,19099,21556,17729,17802,16118,14391,17303,19556,22614,15009,19683,16552,14621,13584,12905,19622,19694,18271
9749,21859,13580,13604,14249,10017,10968,9156,9189,11697,13098,11889,14885,13590,12664,15516,10014,8696,9612,7154,7628,10888,6591,7172,5476,6840,6092,1626,4849,10296,23684,15567,14032,14282,7334,7281,7643,8513,5845,319,2403,2197,1911,7442,7560,7714,999999,4446,3248,1484,5560,6848,12184,13503,10129,6010,4194,20931,15220,9540,19175,12168,6372,8584,12101,11534,16407,15502,13774,15908,18161,19317,6492,18885,10724,11228,12189,12288,9895,10362,8514
7413,14174,11244,11268,11913,7680,8632,6819,6853,9361,10762,10408,12548,11254,10328,10214,8428,6360,7276,4818,3513,10326,4255,4836,3942,6278,5043,3560,3327,9161,15479,11359,11695,11946,6771,6795,7785,8655,5987,4797,6881,7944,6389,13211,12038,9659,4939,999999,2584,3313,3014,2733,10217,9365,7607,10488,9963,19603,13892,8405,17847,10840,8148,7450,10773,8163,14071,13165,11438,13572,15825,17989,5442,11519,8388,8891,9853,9952,8839,8911,6622
6572,18805,10404,10428,11072,6840,7791,5979,6012,8521,9921,9568,11708,10414,9488,12463,7588,5519,6436,3978,6042,9485,3415,3995,3102,5437,4747,2294,5365,8303,14639,12390,10855,11106,5931,5936,8159,9029,6361,3531,5615,6219,5123,11485,10772,10033,3673,2894,999999,2623,6989,5266,12964,12112,10353,9223,8237,17877,12167,7546,16122,9114,7289,6591,9048,6762,13230,12325,10598,12731,14984,16264,4602,15831,7547,8051,9013,9111,7114,7185,5763
8990,21223,12822,12846,13491,9258,10209,8397,8431,10939,12339,11895,14126,12832,11906,14881,10006,7937,8854,6396,6296,10894,5833,6414,5520,6846,6098,1633,3472,9654,17057,14808,13273,13524,7340,7287,6266,7136,4468,1641,3725,3519,3233,8764,8883,8140,1783,3114,2490,999999,4011,5516,10807,12171,8752,7333,5516,20295,14585,8898,18540,11532,7694,7942,11466,8113,15649,14743,13016,15149,17402,18682,6499,12892,9966,10469,11431,11530,9532,9603,7115
6641,13402,10472,10496,11141,6908,7860,8482,6162,8589,9989,12071,11776,10482,9556,12199,10090,7408,8938,5467,2952,12310,4939,5884,6230,7326,8405,4657,2745,12523,14707,10820,10923,11174,7820,8450,7203,8074,5405,5894,7978,7772,7486,13017,13135,9077,6036,2484,4872,4111,999999,2172,9679,8827,7069,11585,9769,17725,13007,11766,15970,14332,11509,10811,14266,9211,13299,12393,10666,12800,15053,16112,6491,13181,10050,8119,9081,9180,12332,12403,9983
6401,13162,10232,10256,10901,6669,7620,8242,5922,8349,9750,11831,11537,10242,9316,11959,9851,7169,8699,5227,2713,12070,4700,5645,5962,7087,8165,5566,2283,12283,14467,10335,10684,10934,7580,8210,6741,7611,4942,6803,8643,10952,8394,16218,13800,8615,6945,2367,4604,5539,1979,999999,8385,7533,5775,12250,12970,17486,12768,11527,15731,13847,11270,10572,13781,8972,13059,12154,10426,12560,14813,15872,6251,12942,9811,7880,8842,8940,11846,11918,9744
9364,18124,15194,15218,15863,9632,12244,13204,10884,11312,12713,16793,14500,13205,12279,16921,14813,13132,13660,10022,10877,17032,10658,12623,14215,14065,15475,14469,10275,19031,19429,8521,13735,13897,14558,16664,4987,5857,7930,15706,17790,16947,18559,22214,18528,6861,18327,10462,13094,14798,9971,10097,999999,1885,4527,15641,18966,22448,17730,18275,20692,19843,18018,17320,19776,15950,14893,15205,13478,15523,18042,20834,13229,17904,14772,12841,11805,11991,17842,17914,16492
8454,17214,14284,14308,14953,8722,11334,12294,9974,10402,11803,15883,13590,12295,11369,16011,13903,12222,12750,9112,9967,16122,9748,11713,13305,13155,14565,13559,9364,18121,18519,6675,11889,12987,13648,15754,6726,7596,9669,14796,16880,16037,17649,21304,22037,8600,17417,9552,12184,13888,9061,9186,1826,999999,4988,17380,18056,21538,16820,17365,19782,18933,17107,16409,18866,15040,13046,13359,11631,14613,16196,19924,12319,16993,13862,11931,10895,10145,16932,17004,15582
6298,15058,12128,12152,12797,6566,9177,10138,7818,8246,9647,13727,11434,10139,9213,13855,11746,10066,10594,6956,7810,13966,7592,9556,11149,10998,12409,11403,7208,15965,16363,8612,9802,10831,11492,13598,3275,4146,6219,12639,14723,13881,15492,19148,16622,5149,15261,7396,10027,11732,6905,7030,4418,4626,999999,13735,15900,19381,14663,15208,17626,16776,14951,14253,16710,12883,12956,11272,9545,12457,14710,17768,10163,14837,11706,9775,8738,8058,14776,14847,13425
16346,28067,20177,20201,20846,16613,17565,15752,15786,18294,19695,18486,21481,20187,19261,21725,22616,15293,16209,13751,14136,23119,13188,13769,12073,13436,14217,8223,10665,16504,29892,22163,20628,20879,13930,15406,10526,9691,8171,6655,4512,8406,8119,13650,3003,7946,6670,11043,9845,8081,11205,13356,15596,17354,13561,999999,10402,27139,21428,15748,25383,18376,12580,14793,18310,17742,23004,22098,20371,22505,24758,25525,13089,25093,17321,17824,18786,18885,16104,17519,14722
14582,19093,20247,20164,20497,14850,15801,16501,14022,16530,17931,14052,19718,18423,17497,12751,13642,11821,15180,11987,13954,14146,11424,10052,7974,9003,6833,5505,8727,7531,20918,20400,18865,19115,9497,8022,11521,12391,9723,4197,6281,2571,4182,3469,11439,11592,3951,8325,7127,5362,13049,13174,19023,18171,16413,9889,999999,18165,12455,6774,16410,9402,3607,5819,9336,8769,21240,20335,18607,20741,22994,16552,8656,16119,14806,16060,17022,17121,7130,8545,5748
11775,6886,8039,7956,8289,10928,10596,7994,9452,13723,15124,5929,9236,10542,8952,2743,5135,7244,6673,9838,13297,2668,10681,9254,12377,6944,11236,15046,20189,9514,8711,17998,16463,16308,6531,6793,24647,25517,22848,17167,19251,15541,17153,19028,24409,26521,16921,13480,15939,18333,19885,13241,20277,19425,17667,22859,15780,999999,3562,8757,4202,7030,10969,9128,6399,6686,13646,17933,15685,12153,14406,4344,7858,3912,4995,9215,12065,14719,8235,9650,10151
9275,6675,7829,7746,8079,8428,8097,5494,6952,11224,12624,4907,9026,11267,10013,333,2635,4744,4173,7339,10798,1728,8181,6755,9877,4445,8736,12546,17689,7015,8501,15498,13963,13809,4031,4293,22147,23017,20349,14668,16752,13042,14653,16528,21909,24021,14422,10981,13439,15833,17386,10741,17777,16926,15167,20359,13280,5748,999999,6258,3992,4531,8470,6629,3899,4187,13436,15433,13186,11942,14195,4134,5358,3701,2495,6715,9566,12219,5735,7151,7652
10258,13675,14829,14746,15078,10525,11477,11083,9698,12206,13607,9728,15393,14099,13173,7333,8224,7497,9762,7663,9934,8728,7100,5728,3649,4679,2508,6318,11030,2113,15500,16075,14540,14791,5173,3698,15488,16358,13690,8440,10524,6814,8425,10300,15681,17362,8194,9467,6780,9605,10727,9228,16701,15849,14091,14131,7052,12747,7037,999999,10992,3984,2242,401,3918,3350,16916,16010,14283,16417,18670,11133,4331,10701,9387,12304,12698,12797,1712,3127,1424
13436,2753,5729,5646,5978,12589,8278,9655,11112,10072,9668,5924,6926,8231,9260,4404,6796,8904,8334,11499,14958,4329,12341,10915,14038,8605,12896,16706,21849,11175,4578,19658,12447,10852,8191,8453,26308,27178,24509,18828,20912,17202,18813,20688,26070,28181,18582,15141,17599,19993,21546,14902,21938,21086,19328,24520,17441,7707,5222,10418,999999,8691,12630,10789,8060,8347,11335,12955,11571,9842,12095,2471,9519,3998,6655,10876,9248,16380,9896,11311,11812
11997,10792,11945,11862,12195,12265,10802,8200,9657,13946,15346,8897,13142,13972,12718,4449,5341,7449,6879,9403,11674,5844,8840,7467,5389,6419,4248,8058,13201,2526,12617,17815,16280,16531,6912,5437,17659,18529,15861,10180,12264,8553,10165,12040,17421,19533,9933,11207,8951,11345,12898,10967,18872,18020,16262,15871,8792,9864,4153,1770,8108,999999,3982,2141,1034,3764,18655,17750,16023,16058,18311,8250,6071,7818,6504,9421,12271,14536,1247,2662,3164
11070,15581,16734,16651,16984,11337,12289,12989,10510,13018,14419,10540,16205,14911,13985,9239,10130,8309,11668,8475,10746,10633,7912,6540,4461,5491,3320,7695,11842,4018,17406,16887,15352,15603,5985,4509,16300,17170,14502,6388,8472,4762,6373,8248,13629,13782,6142,10279,7592,7553,11539,10040,17513,16661,14903,12079,5000,14653,8942,3262,12897,5890,999999,2307,5824,5256,17728,16822,15095,17229,19482,13039,5143,12607,11293,12548,13510,13609,3618,5033,2236
11218,13309,14463,14380,14712,11486,13320,10717,10658,13166,14567,11414,15660,15059,14133,6967,7858,9967,9396,8623,10894,8362,8060,6688,4610,5639,3468,7278,11990,1747,15134,17035,15501,15751,6133,4658,16448,17318,14650,9400,11484,7774,9385,11260,16641,18322,9154,10427,7740,10565,11687,10188,17661,16809,15051,15092,8012,12381,6671,990,10626,3618,3202,999999,3552,2985,17876,16971,15243,17377,19630,10768,5291,10335,9021,11938,13658,13757,1346,2761,2384
10974,9785,10939,10856,11189,10127,9796,7193,8651,12923,14323,7891,12136,12966,11712,3443,4334,6443,5872,9038,13623,4838,10788,9416,7338,6144,6197,10007,15149,4475,11611,17197,15662,15508,5730,7386,19608,20478,17809,12128,14212,10502,12113,13988,19370,21481,11882,13155,10899,13293,14846,12916,20820,19968,18210,17820,10741,8858,3147,3718,7102,1991,5930,4089,999999,4144,16546,17132,14885,15052,17305,7244,8020,6812,5498,8415,11265,13918,3196,4611,5112
9081,9233,10387,8614,10636,8709,8377,5775,7233,11029,12430,6472,11584,11548,10293,2891,2916,5025,4454,6486,8757,3790,5923,4551,3943,2241,3370,7180,11891,3539,11058,14898,13363,13614,1827,2089,16350,17220,14551,9534,11618,7908,9519,13699,16776,18223,9288,8290,7641,8718,11588,8051,15625,14773,13015,15226,10451,8305,2595,3429,6550,3615,5641,3800,2984,999999,15739,14833,13106,14500,16753,6692,3154,6259,4079,6996,9846,11620,4465,5880,4453
6627,9320,6701,7801,6205,7572,7001,9324,8792,4650,3788,9640,4466,5771,5211,13088,12721,11040,11569,10804,12641,13012,11440,13404,14997,14846,15925,16590,15305,20043,10625,8714,5105,2210,15340,15970,15914,16785,17964,17827,19911,20959,22570,27087,25069,17788,17969,15143,15215,16919,15001,13088,14701,12991,13166,23519,23839,16391,13906,19286,11105,17374,19029,18331,16743,16731,999999,2442,6149,3054,3590,10635,14011,10530,12681,8333,5661,6429,19642,21057,17503
7031,10949,8331,9430,7834,7798,7406,11370,9050,5054,4193,11270,6095,5683,5616,15087,12979,11298,11826,9186,11023,15198,9822,11787,13379,13229,14307,14973,13687,18425,12254,6318,2708,2614,13722,14352,13633,14503,16347,16210,18294,19341,20953,25470,23451,15506,16352,13526,13598,15302,13384,11470,12304,10595,10884,21901,22222,20614,15896,17669,12735,20297,17412,16714,18733,15114,2654,999999,4186,4683,5395,12265,12393,12160,12938,8737,6066,4033,18025,19440,15886
5328,11065,7162,7991,7950,5997,5727,9569,7249,3351,3026,9357,6157,4863,3937,13286,11178,9497,10025,7385,9222,13397,8021,9986,11578,11428,12506,13172,11886,16624,12370,5981,907,3135,11921,12551,11831,12702,14546,14409,16493,17540,19152,23669,21650,13705,14551,11724,11797,13501,11583,9669,11968,10258,9083,20100,20421,18813,14094,15868,17057,18496,15611,14912,16932,13313,5729,3757,999999,5466,7719,12381,10592,12275,11137,7058,4386,2231,16223,17639,14085
6414,8126,5507,6607,5011,7359,6788,9411,8579,4436,3575,8446,3272,4577,4998,11894,12508,10827,11356,10591,12428,11819,11227,13191,14783,14633,15712,16377,15092,18664,9431,10496,6811,2371,15127,15757,15701,16571,17751,17614,19698,20746,22357,26874,24855,17575,17756,14930,15002,16706,14788,12875,16927,15217,12952,23305,23626,15197,12712,17908,9912,16181,18816,18118,15549,16518,2604,4223,5936,999999,3363,9442,13798,9336,10602,8120,5448,6698,17385,18801,17290
8065,9778,7159,8258,6663,9011,8440,11063,10231,6088,5227,10098,4923,6229,6649,13545,14159,12479,13007,12242,14079,13470,12878,14843,16435,16285,17363,18029,16743,20316,11083,10425,6816,4022,16778,17408,17353,18223,19403,19265,21349,22397,24008,28526,26507,19226,19408,16581,16654,18358,16440,14526,16843,15134,14604,24957,25278,16848,14363,19559,11563,17832,20467,19769,17201,18170,2533,4153,7587,2334,999999,11093,15449,10988,12254,9771,7099,8349,19037,20452,18942
10264,3812,3762,3679,4011,9417,6311,6483,7941,8105,7701,3957,4959,6264,7293,4760,7152,5793,8690,8328,11786,4685,9170,11271,14394,8961,13253,17063,22206,11531,5637,16487,10480,8885,8547,8810,26664,27534,24865,19184,21268,17558,19169,21045,26426,28537,18938,11970,17956,20349,21902,11730,18766,17914,16156,24876,17797,8063,5578,10774,2778,9047,12986,11145,8416,8703,9368,10988,9604,7875,10128,999999,9875,2522,4232,6557,7281,10367,10252,11667,12168
6066,11401,9897,9921,10566,6334,7285,5285,5506,8014,9415,6058,11201,9907,8981,4946,4184,3827,4287,3471,5742,5057,2908,1536,1160,1009,2088,4990,7253,6206,13226,11883,10348,10599,1503,2133,11711,12581,9912,8748,10832,7122,8733,13250,15989,13585,8502,5275,5347,6529,6949,5036,12610,11758,10000,14439,10002,10473,5755,5449,8718,8077,5192,4494,8011,2894,12724,11819,10091,12225,14478,8859,999999,7055,4672,7544,8506,8605,5805,7220,3666
9172,5056,5006,3637,5255,8325,5966,5391,6849,8440,8945,1952,6202,7508,7628,4712,3871,4793,4070,7235,10694,2642,8078,9103,14346,8913,13205,17015,12855,11483,6881,15395,10815,10129,8499,8762,17313,18183,15515,19136,21220,17510,19121,20997,26378,19187,18890,10877,10950,12654,12552,10638,17674,16822,15064,24828,17749,8015,5530,10726,2730,8999,12938,11097,8368,8655,10612,12232,9939,9119,11372,2260,7625,999999,3231,5809,7726,12116,10204,11619,12120
7516,8288,5701,4667,6731,6669,3829,3735,5193,6304,7241,2468,7678,6746,5492,3081,1193,2985,2414,5580,9038,2068,6422,7448,6012,4310,5439,9249,11199,5608,9151,13739,8679,8426,3923,4158,15657,16527,13859,11603,13687,9977,11588,15768,18845,17531,11357,9222,9294,10998,10896,8982,16018,15166,13408,17295,12520,7360,3890,5498,5604,7359,7710,5869,6727,4052,10551,13674,7803,10594,12847,5746,5223,3156,999999,3672,5589,10460,6534,7949,6521
4888,6517,4645,3611,5402,4041,2654,1107,2565,6837,6185,4080,6349,5690,4435,5920,3812,2131,2659,2952,6410,6031,3794,4820,6412,6928,7340,8041,8571,8226,7822,11111,9576,7370,5712,6777,13029,13899,11231,9278,11362,12374,10870,18503,16519,14903,9420,6594,6666,8370,8268,6354,13390,12539,10780,14969,15255,11447,6729,8116,9691,10197,10445,8487,9566,6670,9494,11046,6746,9266,11519,9833,5426,6107,3771,999999,5179,7832,9152,10567,8919
3139,7009,3274,4103,3943,2292,1594,5832,3512,2189,3127,5469,3455,2793,1882,9549,7441,5760,6288,6669,8506,9660,7305,9270,10862,10712,11790,12456,11170,11855,8314,9362,4564,4311,11205,10406,11780,12650,13830,13693,15777,16824,18436,22953,20934,13654,13835,11008,11081,12785,10867,8953,11641,10789,9031,19384,19705,15076,10358,15152,8795,13826,14895,14197,13195,10299,6436,6629,3688,5937,8190,8325,9876,8219,7400,2880,999999,4450,15508,16923,13369
3608,10335,6431,7261,7220,3876,4997,7448,5128,2620,3640,11037,5427,4132,3206,11165,9057,7376,7904,5264,7101,11276,5900,7865,9457,9307,10385,11051,9765,14503,11640,5971,1676,4824,9801,10430,9711,10581,12425,12288,14372,15420,17031,21548,19529,11585,12430,9604,9676,11380,9462,7549,9572,10248,6962,17979,18300,16692,11974,13747,14936,16375,13490,12792,14811,11192,6949,4526,1655,6450,8703,15078,8471,12148,9016,7085,3656,999999,14103,15518,11964
12443,12002,13156,13073,13405,12711,12012,9410,10868,14391,15792,10107,14352,15183,13928,5660,6551,8660,8089,9849,12555,7055,9286,7913,5835,6865,4694,8504,11952,2972,13827,18261,16726,16977,7358,5883,16410,17281,14612,10626,12710,8999,10611,12486,17867,18284,10379,9659,7702,9407,11649,11774,17623,16771,15013,16317,9238,11074,5364,2216,9319,2311,4428,2587,2245,4210,19101,18196,16469,17269,19522,9460,6517,9028,7714,10631,13481,14982,999999,1414,3610
13867,13426,14579,14496,14829,14135,13436,10834,12291,15815,17216,11531,15776,16606,15352,7083,7975,10083,9513,11272,13296,8478,10709,9337,7259,8288,6118,9819,12694,4396,15251,19685,18150,18400,8782,7307,17152,18022,15353,10678,12762,9052,10663,13910,17919,19026,10432,10400,8444,10148,12390,12516,18365,17513,15754,16369,10662,12498,6787,3639,10742,3735,5851,4010,3669,5634,20525,19620,17892,18693,20946,10884,7941,10452,9138,12055,14905,16406,1734,999999,5033
9755,14266,15420,15337,15670,10023,10974,11674,9195,11703,13104,9226,14891,13596,12670,7924,8815,6994,10353,7160,9432,9319,6598,5225,3147,4176,2006,5816,10527,2704,16092,15573,14038,14288,4670,3195,14986,15856,13187,7695,9780,6069,7681,9556,14937,16859,7449,8965,6277,8861,10224,8725,16198,15346,13588,13387,6308,13339,7628,1947,11583,4575,1498,992,4509,3942,16413,15508,13781,15914,18167,11725,3829,11292,9979,11234,12196,12294,2303,3719,999999
